vendor,aliases
Accuform Plastics - $5 DS Fee,
Aero Exhaust,
AFE Power,
American Expedition Vehicles,
Apex Chassis,
ARB USA,
ATS Diesel Performance,
Baja Designs,
Banks Power - $5 drop ship,
BD Engine Brake Inc.,
Beans Diesel Performance,
Blend Door USA,
Bulletproof Diesel,
BulletProof Hitches,
Calibrated Power,
Camburg - $10 DS Fee,
Carli Suspension - $10 DS Fee,
CNC Fabrication,
Cognito Motorsports,
Cometic Gaskets - $6 DS Fee,
Complete Performance,
CR2 Fabrication,
Crown Performance,
Custom Battery Cables,
Customs Unlimited,
Dave Smith,
Daystar,
Diamond Eye Manufacturing - $3.00 DS Fee,
Diesel Forward,
DieselSite,
Downeybrand,
Dynatrac,
Dynomite Diesel,
Factor 55 - $10 DS Fee,
FASS Fuel Systems,
Fast Coolers,
"Fleece Performance Engineering, Inc.",
Full Force Diesel,
Full Send Diesel,
Fumoto Engineering of America,
Glacier Diesel Power,
Hamilton Cams - $20 Dropship Fee,
Holders Diesel,
Holley Performance Brands,
Hot Shot's Secret,
HPS Performance Products,
H&S Motorsports,
ICON Vehicle Dynamics,
Industrial Injection,
Irate Diesel Performance,
ISSPRO - $4.15 DS Fee,
KC HiLites,
Kelderman Manufacturing,
Kenworth Sales of Spokane,
Keystone Automotive,
Kryptonite $15 DS Fee,
Longhorn Fab Shop,
LRB Speed,
Mag-Hytec,
Manton Pushrods,
Maxtrac Suspension,
MBRP,
Mean Green,
Merchant Automotive,
Mevotech,
Meyer Distributing,
Mike White Ford,
Mishimoto Automotive,
NAPA Auto Parts,
N-Fab,
No Limit Enterprises,No Limit Fabrication
PacBrake,
Pacific Performance Engineering - $5 DS Fee,
Performance Turbochargers,
PMF Suspension,
Poly Performance,
Power Distributing,
Power Driven Diesel,
Powermaster Performance,
Power Performance Enterprises,
Power Stroke Products,
Premier Performance,
PSC Motorsports,
Pure DPF,
Race Sport Lighting/Stinger,
Randy's Ring And Pinion - $8 DS Fee,
Rare Parts,
Red-Head Steering Gears,
Revmax,
"Revolution Gear & Axle/CHA Industries, Inc.",
Rock Krawler,
Rotomaster,
S&B Filters,S&B|15461 Slover Avenue
Scotty's Tire and Automotive,
SDHQ,
Serra Chrysler Dodge Ram Jeep of Traverse City,
Sinister Diesel,
Smeding Diesel,
South Bend,
Southwest Airlines,
Sport Truck USA - $5 DS Fee,
Spyntec Industries LLC.,
S&S Diesel Motorsport,
Strictly Diesel,
Sulastic Rubber Springs,
Suncoast,
Superlift,
SuspensionMAXX,
Switch-Pros,
Synapse Auto,
Synergy Manufacturing,
Total Seal,
Turn 14 Distribution,
US Diesel Parts,
Valair Clutch,
Wheel Pros,
XS Power Batteries,
Xtreme Diesel Power,
Younker Brothers,
